{
    "329793824": {
        "id": 1
    },
    "0.871387515989176": {
        "id": 5
    },
    "0.5912121987980938": {
        "id": 5
    },
    "0.9924178094555014": {
        "id": 5
    },
    "0.880579529639478": {
        "id": 5
    },
    "0.9856459894182537": {
        "id": 5
    }
}